	댓글번호	댓글내용	답글수	pos길이	본문/전체명사	본문/전체명사종류	자카드	nonset자카드	자카드명사	nonset자카드명사
9	10	주주들이 싫다고 하는데 정부가 뭔 권리로 합친다고 결정을 하냐?정부는 지난 11월 16일 산업경쟁력 강화 관계장관회의를 열고 대한항공과 아시아나항공을 합치기로 했다.	0.0	46	0.8571428571428571	0.8461538461538461	0.059964726631393295	0.06878306878306878	0.036544850498338874	0.03986710963455149
21	22	총수일가를 도와야지  그럼 아시아나 망하게 하니 박용진 ᆢ그럼 다른곳과 합병해봐  누가 적자난 항공 처 떠안을 기업 어딨나 ᆢ나라에서 적자이시아나 살리는조건으로 빅딜 처하는거지 누가 모르니  ㆍ대한항공이 더힘들어 모르면 가민히나 있지 박ᆢ 박은 요즘 말이 엄청많아 ᆢ입닫고 좀살지 남극이랑 계모아라	0.0	85	0.5	0.47368421052631576	0.05042016806722689	0.06890756302521009	0.02912621359223301	0.03559870550161812
8	9	세금으로 재벌 똥 닦아주는 이번 밀실야합을 규탄한다. 개인적으로 통합에 반대하지 않는다 다만 그 방법에 있어서 한진칼의 지분경쟁을 이용한 더러운 산업은행을 행위에 분노한다.	1.0	48	0.42857142857142855	0.42857142857142855	0.0415944540727903	0.053726169844020795	0.028938906752411574	0.028938906752411574
20	21	산은 이동걸이 쇼하는거다, 부채만 합쳐서 34조인데 국민혈세 투입하겠다고 하는거	0.0	25	0.6666666666666666	0.6666666666666666	0.02831858407079646	0.033628318584070796	0.019867549668874173	0.019867549668874173
52	53	살릴거면 바로 대한항공으로 들어가지 뭔 한진칼에 투자해서 다시 내리냐 한국 특 - 윗놈들 챙겨주기 계단식 수수료충들 오지게 많음 한진칼에서 내릴때 또 나눠먹고 대한항공에서 또 나눠먹고 지들끼리 나랏돈으로 보너스챙기기	0.0	58	0.5333333333333333	0.46153846153846156	0.028862478777589132	0.044142614601018676	0.0196078431372549	0.026143790849673203
56	57	존나 골때리는게 부채 12조짜리 회사 인수못해서 안달난게 대한항공이라는점임, 가만보면 아시아나항공은 존나 느긋한데경영권때문에 개 쫄리니까 똥마려운 강아지ㅅㄲ 마냥 감정팔이에 10만일자리 운운하며 지가 더 급해 아주 ㅋㅋㅋㅋㅋ	0.0	62	0.35294117647058826	0.35294117647058826	0.04915254237288136	0.05254237288135593	0.01935483870967742	0.01935483870967742
59	60	뭐하는짓니냐? 어느놈이 주동자냐? 세금으로 부도덕한 한진그룹 밀어주는게? 자유로운 자본시장에 왜 정부가 끼여드노? 당장 그만두지 못할까?	0.0	39	0.5	0.5	0.025951557093425604	0.02768166089965398	0.01644736842105263	0.01644736842105263
6	7	아시아나가 전라도 기업이니까 저딴 말도 안되는 특혜를 받는거야. 조만간 대한항공도 파산법원 문을 두드릴거다.	0.0	32	0.5	0.5	0.0297723292469352	0.03502626970227671	0.01644736842105263	0.01644736842105263
40	41	한진은 아시아나 인수 포기하고 손떼라	0.0	11	0.6666666666666666	0.6666666666666666	0.01601423487544484	0.01601423487544484	0.013289036544850499	0.013289036544850499
38	39	대한항공이 인수하는데왜 쓰러져가는 회사이름을 같이 넣어요?기자님아!	0.0	20	0.6666666666666666	0.6666666666666666	0.01576182136602452	0.01576182136602452	0.013289036544850499	0.013289036544850499
13	14	ㅋㅋㅋ  정권 바뀌면 그때는 전정권에서 한거라 나몰라라 할 정부 결국 세금걷어서 싸가지 없는 집구석 구제해주는 꼴 차라리 대표를 새인물로 교체하는게 낫지안을까? 아님 아시아나 없애고 그돈 복지나 집값이나 잡아줘라.	0.0	59	0.2222222222222222	0.23529411764705882	0.03722504230118443	0.04568527918781726	0.01282051282051282	0.01282051282051282
30	31	대한항공이여야지 무슨 코리아나냐 ㅡㅡ아시아나는 없어져야할 회사지	0.0	13	0.75	0.75	0.01415929203539823	0.01415929203539823	0.01	0.01
4	5	기자도 정부 돈 받고 기사쓰나??	0.0	11	0.6	0.6	0.010638297872340425	0.010638297872340425	0.009966777408637873	0.009966777408637873
34	35	밑빠진독에 물붙기 시작이네	0.0	10	0.6	0.6	0.012433392539964476	0.012433392539964476	0.009966777408637873	0.009966777408637873
16	17	코리아나 항공?? 지들끼리 신났네. 아시아나 혼자 파산해야한다.	0.0	17	0.5	0.5	0.015901060070671377	0.0176678445229682	0.009933774834437087	0.009933774834437087
5	6	어디서 이름을 마음대로 바꾸노 기자. 대한항공이다. 망하는회사 이름은 꺼라 부정탄다	0.0	22	0.42857142857142855	0.5	0.017543859649122806	0.01929824561403509	0.009933774834437087	0.009933774834437087
31	32	지금 상황에서 실업자 더 늘면 더 큰 재앙이죠 코리아나 항공 좋네  땅콩한테만 안가면 된다 ㅋㅋㅋㅋㅋㅋㅋㅋㅋㅋㅋㅋㅋㅋㅋㅋㅋㅋㅋㅋ ㅋㅋㅋㅋㅋㅋㅋㅋㅋㅋㅋㅋㅋㅋㅋㅋㅋㅋㅋㅋ	0.0	37	0.42857142857142855	0.42857142857142855	0.021015761821366025	0.02276707530647986	0.009900990099009901	0.009900990099009901
7	8	혈세투입하는데 국민들의견은 개무시군	0.0	12	0.42857142857142855	0.42857142857142855	0.014184397163120567	0.014184397163120567	0.009900990099009901	0.009900990099009901
35	36	오천억정도몀 유상증자한다고 해도 개미들 벌때같이 달려들꺼 같은디 고작 그거가지고 뭔 생색을 그리도 내냐	0.0	27	0.375	0.375	0.01206896551724138	0.01206896551724138	0.009868421052631578	0.009868421052631578
27	28	놀리듯 말하는 '코리아나'라는 단어를 기사제목으로 쓰다니ㅡㅡ 기자 제정신인가???	0.0	22	0.375	0.375	0.013961605584642234	0.013961605584642234	0.009868421052631578	0.009868421052631578
49	50	아시아나를 왜 대한항공에 앵기냐?????	0.0	11	0.6666666666666666	0.6666666666666666	0.010619469026548672	0.010619469026548672	0.006666666666666667	0.006666666666666667
1	2	지들끼리 나누어먹기지 누가봐도 이건 밀실합의다	0.0	14	0.6666666666666666	0.6666666666666666	0.012367491166077738	0.014134275618374558	0.006666666666666667	0.006666666666666667
26	27	아시아나살리자고 대한항공까지 망쳐버리는	1.0	10	0.6666666666666666	0.6666666666666666	0.010638297872340425	0.010638297872340425	0.006666666666666667	0.006666666666666667
60	61	대한항공 직원들 개시아나 직원들한테 욕하고 갑질해도 쌉인정 ~	0.0	17	0.6	0.5	0.01054481546572935	0.014059753954305799	0.006644518272425249	0.009966777408637873
22	23	산은은 살고, 대항은 죽고, 국민은 이러나 저러나 죽겠구나	0.0	19	0.5	0.5	0.012367491166077738	0.02120141342756184	0.006644518272425249	0.006644518272425249
58	59	회사는 빚더미인데 관련인들은   잘먹잘산다 니들이다 해먹고있군	0.0	21	0.5	0.5	0.019400352733686066	0.021164021164021163	0.006644518272425249	0.006644518272425249
17	18	한진에서 쫄리는지 겁나 언플하네나랏돈으로 아시아나 먹는 특혜주려고 두리뭉실 넘어가려다 걸리는게 많지?	0.0	28	0.4	0.4	0.01206896551724138	0.013793103448275862	0.006622516556291391	0.006622516556291391
18	19	하이고 모지리들 비행기 대부분 리스라 부채로 잡혀요	0.0	10	0.3333333333333333	0.3333333333333333	0.008849557522123894	0.008849557522123894	0.006600660066006601	0.006600660066006601
51	52	코리아나항공? 80년대 갬성인가요	0.0	9	0.3333333333333333	0.3333333333333333	0.007079646017699115	0.007079646017699115	0.006600660066006601	0.006600660066006601
53	54	대단한 경영이네~~~~영끌 빛항공 그 많은돈 어디다 썻나 짚어서 책임지게 해라 세금 쓰지말고~~	0.0	28	0.2857142857142857	0.2857142857142857	0.015544041450777202	0.015544041450777202	0.006578947368421052	0.006578947368421052
33	34	국가가 뒷배  바주나? 구조조정을 확 하고 해도 될까말깐데,  구조조정없이 한다고?  세금이 남아도나?	0.0	28	0.4444444444444444	0.2857142857142857	0.017452006980802792	0.02268760907504363	0.006578947368421052	0.013157894736842105
10	11	아직 확정된거아니지않나? 이렇게 여론 몰이하지마라... 이런 기사들 흘리고 유야무야 은근슬쩍 통합하지말자.	0.0	31	0.2857142857142857	0.2857142857142857	0.020869565217391306	0.02782608695652174	0.006578947368421052	0.006578947368421052
48	49	이씨 아이씨  증자참여 하는돈이 당신돈이가?꼬롭한시키	0.0	15	0.2857142857142857	0.2857142857142857	0.01232394366197183	0.01232394366197183	0.006578947368421052	0.006578947368421052
39	40	아부지가 키워논 그룹 자식이 말아먹는구나..경영권 유지가뭐길래 독배를마시려고하는가..	0.0	25	0.2857142857142857	0.2857142857142857	0.013961605584642234	0.020942408376963352	0.006578947368421052	0.006578947368421052
14	15	조원태. 음주운전도 했고, 무슨이유였는지 학사도 반납하지 않았나. 이런 사람이 항공사오너라니	0.0	26	0.2222222222222222	0.2222222222222222	0.02276707530647986	0.02626970227670753	0.006535947712418301	0.006535947712418301
36	37	그냥  우리말  대한항공. 영문  코리아에어.  진에어  에어부산  에어서울은 우리말  서울항공   영문   서울에어로하세요.	0.0	26	0.14285714285714285	0.18181818181818182	0.012259194395796848	0.021015761821366025	0.006493506493506494	0.006493506493506494
46	47	예전 하나은행의  론스타  밀어주기식으로 누이좋고 매부 좋은격 되는거 아냐?  골치덩어리 떠넘겨좋구, 뒷돈받아 더 좋구, 한진은 명실상부 대마불사가 되기에 걔들도 좋구.  국민들 세금만 꼬라박는 격이될거 같은데,	0.0	61	0.125	0.13333333333333333	0.03236797274275979	0.05110732538330494	0.00641025641025641	0.00641025641025641
28	29	다 아는 내용 또 쓰냐?	0.0	8	0.5	0.5	0.005309734513274336	0.005309734513274336	0.0033333333333333335	0.0033333333333333335
12	13	기사 잘써라	0.0	3	0.5	0.5	0.0017793594306049821	0.0017793594306049821	0.0033333333333333335	0.0033333333333333335
23	24	아 그냥 아시아나 걸르지;	0.0	7	0.5	0.5	0.005319148936170213	0.005319148936170213	0.0033333333333333335	0.0033333333333333335
55	56	기사 참 자극적이네...	0.0	8	0.3333333333333333	0.3333333333333333	0.0070921985815602835	0.0070921985815602835	0.0033222591362126247	0.0033222591362126247
47	48	대한아시나요항공	0.0	4	0.3333333333333333	0.3333333333333333	0.0035587188612099642	0.0035587188612099642	0.0033222591362126247	0.0033222591362126247
61	62	살다 살다 조현아를 응원하게 될줄이야...	0.0	15	0.3333333333333333	0.3333333333333333	0.01415929203539823	0.01592920353982301	0.0033222591362126247	0.0033222591362126247
29	30	통합반대!!	0.0	4	0.3333333333333333	0.3333333333333333	0.0017793594306049821	0.0017793594306049821	0.0033222591362126247	0.0033222591362126247
43	44	손에 손잡고~~벽을 넘어서~~~코리아나	0.0	11	0.25	0.25	0.0088339222614841	0.0088339222614841	0.0033112582781456954	0.0033112582781456954
3	4	이런 큰사업을하는데 실사한번않한다고?	1.0	12	0.25	0.25	0.008818342151675485	0.008818342151675485	0.0033112582781456954	0.0033112582781456954
11	12	망한기업떠안는것도 이상한데이름도 바꾸는거니?	0.0	15	0.25	0.25	0.007029876977152899	0.01054481546572935	0.0033112582781456954	0.0033112582781456954
15	16	노조는 몇개냐 찬성한다는 노조는 모냐	1.0	11	0.4	0.25	0.005309734513274336	0.008849557522123894	0.0033112582781456954	0.006622516556291391
0	1	대한항공 빚 23조 ㄷㄷ	12.0	6	0.2	0.25	0.005338078291814947	0.005338078291814947	0.0033112582781456954	0.0033112582781456954
32	33	코리아나에서 웃었닼...자존심상해	0.0	10	0.2	0.2	0.008849557522123894	0.008849557522123894	0.0033003300330033004	0.0033003300330033004
24	25	조원태는 깜이 아니다, 합치고 나중에 조원태 팽~당하고 누구에게 갈까?	0.0	20	0.3333333333333333	0.2	0.015817223198594025	0.019332161687170474	0.0033003300330033004	0.006600660066006601
2	3	빚이 저만큼 많은데 오너일가는 잘산다는게 정말 아이러니지	5.0	15	0.16666666666666666	0.16666666666666666	0.01054481546572935	0.01054481546572935	0.003289473684210526	0.003289473684210526
57	58	가처분신청 기각도 안 되었는데 이런 기사를 쓰다니 완전 쓰레기임	0.0	16	0.14285714285714285	0.14285714285714285	0.010526315789473684	0.010526315789473684	0.003278688524590164	0.003278688524590164
42	43	세금 = 재벌들 국개의원들 똥닦아주는 눈먼 돈	0.0	15	0.14285714285714285	0.14285714285714285	0.005253940455341506	0.0070052539404553416	0.003278688524590164	0.003278688524590164
50	51	10년 뒤... 다규 만들어 지고... 15년두 영화블랙머니 & 블랙 플라잉	0.0	22	0.0	0.0	0.014035087719298246	0.017543859649122806	0.0	0.0
37	38	미쳤네. 아직 결론 난게 아무것도 없는데 이렇게 해도 되나모르겠네요	0.0	18	0.0	0.0	0.014035087719298246	0.014035087719298246	0.0	0.0
44	45	비행기 현금주고 못사요빛내서 사는게 맞아요	0.0	13	0.0	0.0	0.007029876977152899	0.007029876977152899	0.0	0.0
54	55	적당히해라진짜	0.0	3	0.0	0.0	0.0	0.0	0.0	0.0
19	20	원래 은행은 재벌편	0.0	5	0.0	0.0	0.0017730496453900709	0.0017730496453900709	0.0	0.0
41	42	그래서 한다는거야 만다는거야...	0.0	9	0.0	0.0	0.0035398230088495575	0.0035398230088495575	0.0	0.0
45	46	시 ㅂㅏ ㄹ ㅜㅜㅠ정부 생각없는듯 하	0.0	10	0.0	0.0	0.005291005291005291	0.005291005291005291	0.0	0.0
25	26	하지마라하면 좀 하지마	0.0	10	0.0	0.0	0.0071174377224199285	0.012455516014234875	0.0	0.0
